State,Date,crude_rate
New South Wales,1/09/2019,46.54
New South Wales,8/09/2019,36.54
New South Wales,15/09/2019,44.37
New South Wales,22/09/2019,57.41
New South Wales,29/09/2019,45.67
New South Wales,6/10/2019,34.36
New South Wales,13/10/2019,42.19
New South Wales,20/10/2019,51.76
New South Wales,27/10/2019,36.54
New South Wales,3/11/2019,36.10
New South Wales,10/11/2019,31.75
New South Wales,17/11/2019,41.32
New South Wales,24/11/2019,40.45
New South Wales,1/12/2019,32.62
New South Wales,8/12/2019,40.89
New South Wales,15/12/2019,38.28
New South Wales,22/12/2019,30.01
New South Wales,29/12/2019,43.06
New South Wales,5/01/2020,42.63
New South Wales,12/01/2020,43.06
New South Wales,19/01/2020,31.32
New South Wales,26/01/2020,36.10
New South Wales,2/02/2020,28.71
New South Wales,9/02/2020,29.58
New South Wales,16/02/2020,28.71
New South Wales,23/02/2020,36.54
New South Wales,1/09/2019,55.52
New South Wales,8/09/2019,53.49
New South Wales,15/09/2019,52.90
New South Wales,22/09/2019,40.41
New South Wales,29/09/2019,47.38
New South Wales,6/10/2019,43.89
New South Wales,13/10/2019,43.60
New South Wales,20/10/2019,44.77
New South Wales,27/10/2019,42.73
New South Wales,3/11/2019,38.66
New South Wales,10/11/2019,42.73
New South Wales,17/11/2019,42.73
New South Wales,24/11/2019,39.24
New South Wales,1/12/2019,40.11
New South Wales,8/12/2019,38.08
New South Wales,15/12/2019,44.18
New South Wales,22/12/2019,27.03
New South Wales,29/12/2019,35.75
New South Wales,5/01/2020,37.50
New South Wales,12/01/2020,35.17
New South Wales,19/01/2020,39.24
New South Wales,26/01/2020,32.85
New South Wales,2/02/2020,30.23
New South Wales,9/02/2020,40.11
New South Wales,16/02/2020,44.18
New South Wales,23/02/2020,41.57
New South Wales,1/09/2019,57.17
New South Wales,8/09/2019,60.45
New South Wales,15/09/2019,66.08
New South Wales,22/09/2019,51.55
New South Wales,29/09/2019,44.52
New South Wales,6/10/2019,57.64
New South Wales,13/10/2019,48.27
New South Wales,20/10/2019,44.52
New South Wales,27/10/2019,43.11
New South Wales,3/11/2019,45.46
New South Wales,10/11/2019,40.30
New South Wales,17/11/2019,46.40
New South Wales,24/11/2019,51.08
New South Wales,1/12/2019,41.24
New South Wales,8/12/2019,37.96
New South Wales,15/12/2019,36.55
New South Wales,22/12/2019,31.40
New South Wales,29/12/2019,29.52
New South Wales,5/01/2020,25.78
New South Wales,12/01/2020,23.43
New South Wales,19/01/2020,35.15
New South Wales,26/01/2020,30.93
New South Wales,2/02/2020,45.46
New South Wales,9/02/2020,32.80
New South Wales,16/02/2020,33.27
New South Wales,23/02/2020,33.74
New South Wales,1/09/2019,44.37
New South Wales,8/09/2019,50.00
New South Wales,15/09/2019,54.23
New South Wales,22/09/2019,45.07
New South Wales,29/09/2019,57.05
New South Wales,6/10/2019,52.12
New South Wales,13/10/2019,38.74
New South Wales,20/10/2019,39.44
New South Wales,27/10/2019,48.60
New South Wales,3/11/2019,56.34
New South Wales,10/11/2019,48.60
New South Wales,17/11/2019,42.26
New South Wales,24/11/2019,40.14
New South Wales,1/12/2019,52.82
New South Wales,8/12/2019,35.21
New South Wales,15/12/2019,35.21
New South Wales,22/12/2019,24.65
New South Wales,29/12/2019,29.58
New South Wales,5/01/2020,39.44
New South Wales,12/01/2020,42.96
New South Wales,19/01/2020,34.51
New South Wales,26/01/2020,43.67
New South Wales,2/02/2020,34.51
New South Wales,9/02/2020,50.00
New South Wales,16/02/2020,44.37
New South Wales,23/02/2020,55.64
New South Wales,1/09/2019,98.32
New South Wales,8/09/2019,75.24
New South Wales,15/09/2019,78.66
New South Wales,22/09/2019,81.22
New South Wales,29/09/2019,55.57
New South Wales,6/10/2019,63.27
New South Wales,13/10/2019,53.86
New South Wales,20/10/2019,51.30
New South Wales,27/10/2019,63.27
New South Wales,3/11/2019,58.14
New South Wales,10/11/2019,60.70
New South Wales,17/11/2019,66.69
New South Wales,24/11/2019,70.96
New South Wales,1/12/2019,61.56
New South Wales,8/12/2019,50.44
New South Wales,15/12/2019,64.98
New South Wales,22/12/2019,45.31
New South Wales,29/12/2019,33.34
New South Wales,5/01/2020,37.62
New South Wales,12/01/2020,32.49
New South Wales,19/01/2020,48.73
New South Wales,26/01/2020,47.02
New South Wales,2/02/2020,47.02
New South Wales,9/02/2020,45.31
New South Wales,16/02/2020,30.78
New South Wales,23/02/2020,50.44
New South Wales,1/09/2019,43.48
New South Wales,8/09/2019,41.34
New South Wales,15/09/2019,42.05
New South Wales,22/09/2019,34.93
New South Wales,29/09/2019,45.26
New South Wales,6/10/2019,37.42
New South Wales,13/10/2019,29.94
New South Wales,20/10/2019,37.78
New South Wales,27/10/2019,38.85
New South Wales,3/11/2019,39.20
New South Wales,10/11/2019,37.07
New South Wales,17/11/2019,36.71
New South Wales,24/11/2019,33.50
New South Wales,1/12/2019,30.29
New South Wales,8/12/2019,38.49
New South Wales,15/12/2019,26.02
New South Wales,22/12/2019,29.58
New South Wales,29/12/2019,31.01
New South Wales,5/01/2020,27.44
New South Wales,12/01/2020,25.66
New South Wales,19/01/2020,31.36
New South Wales,26/01/2020,31.36
New South Wales,2/02/2020,26.37
New South Wales,9/02/2020,30.65
New South Wales,16/02/2020,29.58
New South Wales,23/02/2020,41.70
New South Wales,1/09/2019,39.10
New South Wales,8/09/2019,38.14
New South Wales,15/09/2019,43.86
New South Wales,22/09/2019,40.05
New South Wales,29/09/2019,43.23
New South Wales,6/10/2019,40.37
New South Wales,13/10/2019,38.78
New South Wales,20/10/2019,38.78
New South Wales,27/10/2019,34.96
New South Wales,3/11/2019,29.24
New South Wales,10/11/2019,33.37
New South Wales,17/11/2019,33.37
New South Wales,24/11/2019,34.01
New South Wales,1/12/2019,35.60
New South Wales,8/12/2019,30.83
New South Wales,15/12/2019,29.24
New South Wales,22/12/2019,27.97
New South Wales,29/12/2019,30.83
New South Wales,5/01/2020,33.37
New South Wales,12/01/2020,41.00
New South Wales,19/01/2020,32.10
New South Wales,26/01/2020,31.78
New South Wales,2/02/2020,28.92
New South Wales,9/02/2020,35.92
New South Wales,16/02/2020,34.65
New South Wales,23/02/2020,34.33
New South Wales,1/09/2019,48.50
New South Wales,8/09/2019,52.09
New South Wales,15/09/2019,50.29
New South Wales,22/09/2019,53.44
New South Wales,29/09/2019,40.86
New South Wales,6/10/2019,37.72
New South Wales,13/10/2019,39.07
New South Wales,20/10/2019,35.92
New South Wales,27/10/2019,44.90
New South Wales,3/11/2019,44.90
New South Wales,10/11/2019,44.45
New South Wales,17/11/2019,57.48
New South Wales,24/11/2019,55.23
New South Wales,1/12/2019,52.09
New South Wales,8/12/2019,49.84
New South Wales,15/12/2019,33.68
New South Wales,22/12/2019,33.23
New South Wales,29/12/2019,30.09
New South Wales,5/01/2020,39.52
New South Wales,12/01/2020,27.84
New South Wales,19/01/2020,35.92
New South Wales,26/01/2020,30.53
New South Wales,2/02/2020,31.88
New South Wales,9/02/2020,37.72
New South Wales,16/02/2020,38.62
New South Wales,23/02/2020,27.39
New South Wales,1/09/2019,52.93
New South Wales,8/09/2019,38.87
New South Wales,15/09/2019,52.11
New South Wales,22/09/2019,58.72
New South Wales,29/09/2019,52.93
New South Wales,6/10/2019,53.76
New South Wales,13/10/2019,44.66
New South Wales,20/10/2019,48.80
New South Wales,27/10/2019,49.63
New South Wales,3/11/2019,45.49
New South Wales,10/11/2019,43.84
New South Wales,17/11/2019,43.84
New South Wales,24/11/2019,43.84
New South Wales,1/12/2019,31.43
New South Wales,8/12/2019,36.39
New South Wales,15/12/2019,39.70
New South Wales,22/12/2019,33.91
New South Wales,29/12/2019,34.74
New South Wales,5/01/2020,43.84
New South Wales,12/01/2020,49.63
New South Wales,19/01/2020,32.26
New South Wales,26/01/2020,37.22
New South Wales,2/02/2020,51.28
New South Wales,9/02/2020,36.39
New South Wales,16/02/2020,34.74
New South Wales,23/02/2020,35.56
New South Wales,1/09/2019,71.63
New South Wales,8/09/2019,67.35
New South Wales,15/09/2019,70.03
New South Wales,22/09/2019,60.40
New South Wales,29/09/2019,45.97
New South Wales,6/10/2019,51.32
New South Wales,13/10/2019,41.16
New South Wales,20/10/2019,57.20
New South Wales,27/10/2019,42.23
New South Wales,3/11/2019,37.42
New South Wales,10/11/2019,44.37
New South Wales,17/11/2019,45.97
New South Wales,24/11/2019,35.82
New South Wales,1/12/2019,37.42
New South Wales,8/12/2019,39.56
New South Wales,15/12/2019,39.02
New South Wales,22/12/2019,27.80
New South Wales,29/12/2019,28.33
New South Wales,5/01/2020,29.94
New South Wales,12/01/2020,34.75
New South Wales,19/01/2020,35.82
New South Wales,26/01/2020,28.33
New South Wales,2/02/2020,35.28
New South Wales,9/02/2020,28.87
New South Wales,16/02/2020,37.95
New South Wales,23/02/2020,39.56
New South Wales,1/09/2019,42.25
New South Wales,8/09/2019,37.23
New South Wales,15/09/2019,41.46
New South Wales,22/09/2019,41.99
New South Wales,29/09/2019,34.33
New South Wales,6/10/2019,35.12
New South Wales,13/10/2019,38.03
New South Wales,20/10/2019,41.72
New South Wales,27/10/2019,36.18
New South Wales,3/11/2019,36.18
New South Wales,10/11/2019,34.59
New South Wales,17/11/2019,40.67
New South Wales,24/11/2019,34.33
New South Wales,1/12/2019,36.71
New South Wales,8/12/2019,33.80
New South Wales,15/12/2019,28.52
New South Wales,22/12/2019,23.24
New South Wales,29/12/2019,25.35
New South Wales,5/01/2020,32.22
New South Wales,12/01/2020,26.41
New South Wales,19/01/2020,33.80
New South Wales,26/01/2020,29.05
New South Wales,2/02/2020,31.69
New South Wales,9/02/2020,30.10
New South Wales,16/02/2020,35.39
New South Wales,23/02/2020,33.27
New South Wales,1/09/2019,54.62
New South Wales,8/09/2019,57.39
New South Wales,15/09/2019,56.60
New South Wales,22/09/2019,55.02
New South Wales,29/09/2019,55.02
New South Wales,6/10/2019,51.85
New South Wales,13/10/2019,47.50
New South Wales,20/10/2019,42.75
New South Wales,27/10/2019,35.23
New South Wales,3/11/2019,43.54
New South Wales,10/11/2019,57.79
New South Wales,17/11/2019,49.48
New South Wales,24/11/2019,38.79
New South Wales,1/12/2019,45.91
New South Wales,8/12/2019,50.27
New South Wales,15/12/2019,37.60
New South Wales,22/12/2019,39.98
New South Wales,29/12/2019,32.85
New South Wales,5/01/2020,34.83
New South Wales,12/01/2020,35.23
New South Wales,19/01/2020,37.60
New South Wales,26/01/2020,24.94
New South Wales,2/02/2020,38.79
New South Wales,9/02/2020,41.16
New South Wales,16/02/2020,40.37
New South Wales,23/02/2020,40.77
New South Wales,1/09/2019,91.59
New South Wales,8/09/2019,75.50
New South Wales,15/09/2019,55.08
New South Wales,22/09/2019,56.93
New South Wales,29/09/2019,74.88
New South Wales,6/10/2019,80.45
New South Wales,13/10/2019,54.46
New South Wales,20/10/2019,77.35
New South Wales,27/10/2019,68.07
New South Wales,3/11/2019,77.97
New South Wales,10/11/2019,58.79
New South Wales,17/11/2019,62.50
New South Wales,24/11/2019,55.69
New South Wales,1/12/2019,55.69
New South Wales,8/12/2019,46.41
New South Wales,15/12/2019,42.70
New South Wales,22/12/2019,33.42
New South Wales,29/12/2019,38.99
New South Wales,5/01/2020,49.51
New South Wales,12/01/2020,41.46
New South Wales,19/01/2020,35.27
New South Wales,26/01/2020,53.22
New South Wales,2/02/2020,41.46
New South Wales,9/02/2020,42.08
New South Wales,16/02/2020,43.32
New South Wales,23/02/2020,47.03
New South Wales,1/09/2019,52.36
New South Wales,8/09/2019,40.23
New South Wales,15/09/2019,44.06
New South Wales,22/09/2019,40.87
New South Wales,29/09/2019,49.81
New South Wales,6/10/2019,31.29
New South Wales,13/10/2019,41.51
New South Wales,20/10/2019,33.21
New South Wales,27/10/2019,35.76
New South Wales,3/11/2019,26.18
New South Wales,10/11/2019,35.12
New South Wales,17/11/2019,26.82
New South Wales,24/11/2019,35.76
New South Wales,1/12/2019,35.76
New South Wales,8/12/2019,34.48
New South Wales,15/12/2019,17.88
New South Wales,22/12/2019,21.71
New South Wales,29/12/2019,29.37
New South Wales,5/01/2020,30.01
New South Wales,12/01/2020,25.54
New South Wales,19/01/2020,40.87
New South Wales,26/01/2020,35.12
New South Wales,2/02/2020,38.95
New South Wales,9/02/2020,35.76
New South Wales,16/02/2020,38.31
New South Wales,23/02/2020,34.48
New South Wales,1/09/2019,36.58
New South Wales,8/09/2019,38.97
New South Wales,15/09/2019,30.22
New South Wales,22/09/2019,34.20
New South Wales,29/09/2019,32.61
New South Wales,6/10/2019,30.22
New South Wales,13/10/2019,33.80
New South Wales,20/10/2019,31.41
New South Wales,27/10/2019,25.05
New South Wales,3/11/2019,35.39
New South Wales,10/11/2019,35.79
New South Wales,17/11/2019,27.84
New South Wales,24/11/2019,27.04
New South Wales,1/12/2019,36.58
New South Wales,8/12/2019,31.02
New South Wales,15/12/2019,33.40
New South Wales,22/12/2019,17.10
New South Wales,29/12/2019,19.09
New South Wales,5/01/2020,24.65
New South Wales,12/01/2020,25.85
New South Wales,19/01/2020,25.05
New South Wales,26/01/2020,21.47
New South Wales,2/02/2020,30.22
New South Wales,9/02/2020,31.41
New South Wales,16/02/2020,29.43
New South Wales,23/02/2020,28.63
New South Wales,1/09/2019,38.70
New South Wales,8/09/2019,46.12
New South Wales,15/09/2019,32.07
New South Wales,22/09/2019,36.05
New South Wales,29/09/2019,37.37
New South Wales,6/10/2019,28.63
New South Wales,13/10/2019,32.87
New South Wales,20/10/2019,34.46
New South Wales,27/10/2019,38.17
New South Wales,3/11/2019,35.25
New South Wales,10/11/2019,31.54
New South Wales,17/11/2019,36.31
New South Wales,24/11/2019,33.66
New South Wales,1/12/2019,33.40
New South Wales,8/12/2019,27.83
New South Wales,15/12/2019,30.75
New South Wales,22/12/2019,25.18
New South Wales,29/12/2019,27.30
New South Wales,5/01/2020,26.77
New South Wales,12/01/2020,23.85
New South Wales,19/01/2020,27.57
New South Wales,26/01/2020,27.30
New South Wales,2/02/2020,27.57
New South Wales,9/02/2020,32.34
New South Wales,16/02/2020,33.13
New South Wales,23/02/2020,30.48
New South Wales,1/09/2019,35.03
New South Wales,8/09/2019,20.64
New South Wales,15/09/2019,24.17
New South Wales,22/09/2019,24.98
New South Wales,29/09/2019,22.27
New South Wales,6/10/2019,21.72
New South Wales,13/10/2019,22.27
New South Wales,20/10/2019,23.08
New South Wales,27/10/2019,25.80
New South Wales,3/11/2019,19.28
New South Wales,10/11/2019,21.45
New South Wales,17/11/2019,19.28
New South Wales,24/11/2019,24.44
New South Wales,1/12/2019,22.54
New South Wales,8/12/2019,22.00
New South Wales,15/12/2019,18.19
New South Wales,22/12/2019,16.56
New South Wales,29/12/2019,16.56
New South Wales,5/01/2020,13.58
New South Wales,12/01/2020,17.11
New South Wales,19/01/2020,16.02
New South Wales,26/01/2020,20.37
New South Wales,2/02/2020,17.65
New South Wales,9/02/2020,16.02
New South Wales,16/02/2020,18.74
New South Wales,23/02/2020,18.19
New South Wales,1/09/2019,29.83
New South Wales,8/09/2019,30.50
New South Wales,15/09/2019,36.60
New South Wales,22/09/2019,28.13
New South Wales,29/09/2019,26.10
New South Wales,6/10/2019,19.32
New South Wales,13/10/2019,32.88
New South Wales,20/10/2019,31.18
New South Wales,27/10/2019,33.21
New South Wales,3/11/2019,31.86
New South Wales,10/11/2019,32.20
New South Wales,17/11/2019,27.45
New South Wales,24/11/2019,32.88
New South Wales,1/12/2019,31.52
New South Wales,8/12/2019,29.15
New South Wales,15/12/2019,26.44
New South Wales,22/12/2019,17.96
New South Wales,29/12/2019,20.34
New South Wales,5/01/2020,24.06
New South Wales,12/01/2020,23.72
New South Wales,19/01/2020,27.11
New South Wales,26/01/2020,25.76
New South Wales,2/02/2020,29.83
New South Wales,9/02/2020,28.81
New South Wales,16/02/2020,29.49
New South Wales,23/02/2020,23.72
New South Wales,1/09/2019,32.06
New South Wales,8/09/2019,31.11
New South Wales,15/09/2019,32.54
New South Wales,22/09/2019,33.66
New South Wales,29/09/2019,34.94
New South Wales,6/10/2019,33.34
New South Wales,13/10/2019,33.98
New South Wales,20/10/2019,30.79
New South Wales,27/10/2019,33.98
New South Wales,3/11/2019,32.06
New South Wales,10/11/2019,33.02
New South Wales,17/11/2019,33.50
New South Wales,24/11/2019,34.14
New South Wales,1/12/2019,33.34
New South Wales,8/12/2019,29.51
New South Wales,15/12/2019,32.86
New South Wales,22/12/2019,22.33
New South Wales,29/12/2019,23.93
New South Wales,5/01/2020,22.33
New South Wales,12/01/2020,26.32
New South Wales,19/01/2020,27.92
New South Wales,26/01/2020,25.05
New South Wales,2/02/2020,27.92
New South Wales,9/02/2020,29.51
New South Wales,16/02/2020,29.03
New South Wales,23/02/2020,31.11
New South Wales,1/09/2019,34.52
New South Wales,8/09/2019,32.98
New South Wales,15/09/2019,29.59
New South Wales,22/09/2019,34.52
New South Wales,29/09/2019,33.60
New South Wales,6/10/2019,24.04
New South Wales,13/10/2019,26.82
New South Wales,20/10/2019,26.51
New South Wales,27/10/2019,25.58
New South Wales,3/11/2019,32.06
New South Wales,10/11/2019,27.13
New South Wales,17/11/2019,30.21
New South Wales,24/11/2019,28.67
New South Wales,1/12/2019,33.60
New South Wales,8/12/2019,27.13
New South Wales,15/12/2019,30.21
New South Wales,22/12/2019,19.73
New South Wales,29/12/2019,15.72
New South Wales,5/01/2020,19.73
New South Wales,12/01/2020,24.04
New South Wales,19/01/2020,30.21
New South Wales,26/01/2020,25.58
New South Wales,2/02/2020,22.81
New South Wales,9/02/2020,26.51
New South Wales,16/02/2020,23.12
New South Wales,23/02/2020,29.90
New South Wales,1/09/2019,37.38
New South Wales,8/09/2019,36.48
New South Wales,15/09/2019,35.12
New South Wales,22/09/2019,34.21
New South Wales,29/09/2019,34.89
New South Wales,6/10/2019,24.92
New South Wales,13/10/2019,33.31
New South Wales,20/10/2019,25.15
New South Wales,27/10/2019,26.28
New South Wales,3/11/2019,28.55
New South Wales,10/11/2019,32.40
New South Wales,17/11/2019,36.03
New South Wales,24/11/2019,33.76
New South Wales,1/12/2019,33.99
New South Wales,8/12/2019,41.69
New South Wales,15/12/2019,32.40
New South Wales,22/12/2019,25.83
New South Wales,29/12/2019,20.62
New South Wales,5/01/2020,27.42
New South Wales,12/01/2020,23.34
New South Wales,19/01/2020,27.64
New South Wales,26/01/2020,27.87
New South Wales,2/02/2020,23.34
New South Wales,9/02/2020,32.17
New South Wales,16/02/2020,29.23
New South Wales,23/02/2020,29.91
New South Wales,1/09/2019,35.83
New South Wales,8/09/2019,27.06
New South Wales,15/09/2019,28.52
New South Wales,22/09/2019,33.64
New South Wales,29/09/2019,33.64
New South Wales,6/10/2019,20.84
New South Wales,13/10/2019,27.06
New South Wales,20/10/2019,34.74
New South Wales,27/10/2019,26.69
New South Wales,3/11/2019,22.30
New South Wales,10/11/2019,19.74
New South Wales,17/11/2019,26.33
New South Wales,24/11/2019,25.96
New South Wales,1/12/2019,26.33
New South Wales,8/12/2019,32.18
New South Wales,15/12/2019,25.23
New South Wales,22/12/2019,12.80
New South Wales,29/12/2019,19.01
New South Wales,5/01/2020,24.13
New South Wales,12/01/2020,22.30
New South Wales,19/01/2020,21.21
New South Wales,26/01/2020,20.11
New South Wales,2/02/2020,26.33
New South Wales,9/02/2020,22.67
New South Wales,16/02/2020,22.30
New South Wales,23/02/2020,25.59
New South Wales,1/09/2019,52.89
New South Wales,8/09/2019,52.54
New South Wales,15/09/2019,40.10
New South Wales,22/09/2019,42.17
New South Wales,29/09/2019,41.48
New South Wales,6/10/2019,42.86
New South Wales,13/10/2019,37.68
New South Wales,20/10/2019,41.83
New South Wales,27/10/2019,39.41
New South Wales,3/11/2019,36.99
New South Wales,10/11/2019,29.73
New South Wales,17/11/2019,45.63
New South Wales,24/11/2019,39.41
New South Wales,1/12/2019,41.48
New South Wales,8/12/2019,38.72
New South Wales,15/12/2019,37.68
New South Wales,22/12/2019,23.16
New South Wales,29/12/2019,31.46
New South Wales,5/01/2020,31.46
New South Wales,12/01/2020,25.93
New South Wales,19/01/2020,30.77
New South Wales,26/01/2020,29.04
New South Wales,2/02/2020,33.53
New South Wales,9/02/2020,35.95
New South Wales,16/02/2020,38.37
New South Wales,23/02/2020,35.61
New South Wales,1/09/2019,48.86
New South Wales,8/09/2019,42.14
New South Wales,15/09/2019,41.53
New South Wales,22/09/2019,37.26
New South Wales,29/09/2019,38.48
New South Wales,6/10/2019,36.04
New South Wales,13/10/2019,40.31
New South Wales,20/10/2019,37.87
New South Wales,27/10/2019,35.73
New South Wales,3/11/2019,40.92
New South Wales,10/11/2019,35.73
New South Wales,17/11/2019,33.90
New South Wales,24/11/2019,35.42
New South Wales,1/12/2019,37.87
New South Wales,8/12/2019,38.78
New South Wales,15/12/2019,36.65
New South Wales,22/12/2019,23.82
New South Wales,29/12/2019,25.35
New South Wales,5/01/2020,29.01
New South Wales,12/01/2020,28.10
New South Wales,19/01/2020,31.45
New South Wales,26/01/2020,25.04
New South Wales,2/02/2020,30.54
New South Wales,9/02/2020,34.81
New South Wales,16/02/2020,28.10
New South Wales,23/02/2020,32.07
New South Wales,1/09/2019,37.15
New South Wales,8/09/2019,32.78
New South Wales,15/09/2019,35.37
New South Wales,22/09/2019,33.38
New South Wales,29/09/2019,36.76
New South Wales,6/10/2019,33.58
New South Wales,13/10/2019,30.60
New South Wales,20/10/2019,30.40
New South Wales,27/10/2019,26.23
New South Wales,3/11/2019,27.02
New South Wales,10/11/2019,31.59
New South Wales,17/11/2019,25.43
New South Wales,24/11/2019,27.82
New South Wales,1/12/2019,33.18
New South Wales,8/12/2019,33.38
New South Wales,15/12/2019,25.63
New South Wales,22/12/2019,23.05
New South Wales,29/12/2019,18.88
New South Wales,5/01/2020,27.22
New South Wales,12/01/2020,25.03
New South Wales,19/01/2020,29.60
New South Wales,26/01/2020,24.24
New South Wales,2/02/2020,27.02
New South Wales,9/02/2020,29.41
New South Wales,16/02/2020,30.20
New South Wales,23/02/2020,35.56
New South Wales,1/09/2019,33.19
New South Wales,8/09/2019,35.14
New South Wales,15/09/2019,31.23
New South Wales,22/09/2019,41.48
New South Wales,29/09/2019,33.67
New South Wales,6/10/2019,21.47
New South Wales,13/10/2019,25.38
New South Wales,20/10/2019,28.79
New South Wales,27/10/2019,28.31
New South Wales,3/11/2019,30.26
New South Wales,10/11/2019,25.38
New South Wales,17/11/2019,25.38
New South Wales,24/11/2019,31.23
New South Wales,1/12/2019,33.19
New South Wales,8/12/2019,25.38
New South Wales,15/12/2019,35.63
New South Wales,22/12/2019,21.47
New South Wales,29/12/2019,18.54
New South Wales,5/01/2020,23.43
New South Wales,12/01/2020,22.94
New South Wales,19/01/2020,29.77
New South Wales,26/01/2020,27.82
New South Wales,2/02/2020,23.43
New South Wales,9/02/2020,29.77
New South Wales,16/02/2020,26.35
New South Wales,23/02/2020,32.21
New South Wales,1/09/2019,40.02
New South Wales,8/09/2019,38.48
New South Wales,15/09/2019,38.70
New South Wales,22/09/2019,36.06
New South Wales,29/09/2019,35.62
New South Wales,6/10/2019,37.82
New South Wales,13/10/2019,30.34
New South Wales,20/10/2019,29.46
New South Wales,27/10/2019,31.88
New South Wales,3/11/2019,33.20
New South Wales,10/11/2019,29.90
New South Wales,17/11/2019,32.76
New South Wales,24/11/2019,31.22
New South Wales,1/12/2019,35.84
New South Wales,8/12/2019,34.52
New South Wales,15/12/2019,26.82
New South Wales,22/12/2019,23.97
New South Wales,29/12/2019,30.34
New South Wales,5/01/2020,22.65
New South Wales,12/01/2020,29.90
New South Wales,19/01/2020,28.58
New South Wales,26/01/2020,25.29
New South Wales,2/02/2020,25.29
New South Wales,9/02/2020,27.48
New South Wales,16/02/2020,31.88
New South Wales,23/02/2020,31.22
New South Wales,1/09/2019,36.49
New South Wales,8/09/2019,34.76
New South Wales,15/09/2019,41.27
New South Wales,22/09/2019,44.31
New South Wales,29/09/2019,40.40
New South Wales,6/10/2019,33.02
New South Wales,13/10/2019,28.67
New South Wales,20/10/2019,34.76
New South Wales,27/10/2019,36.49
New South Wales,3/11/2019,33.89
New South Wales,10/11/2019,34.32
New South Wales,17/11/2019,34.76
New South Wales,24/11/2019,35.62
New South Wales,1/12/2019,36.06
New South Wales,8/12/2019,45.62
New South Wales,15/12/2019,39.53
New South Wales,22/12/2019,25.63
New South Wales,29/12/2019,24.33
New South Wales,5/01/2020,33.89
New South Wales,12/01/2020,29.54
New South Wales,19/01/2020,26.94
New South Wales,26/01/2020,29.11
New South Wales,2/02/2020,29.98
New South Wales,9/02/2020,31.28
New South Wales,16/02/2020,31.71
New South Wales,23/02/2020,31.71
Victoria ,1/09/2019,53.71
Victoria ,8/09/2019,71.62
Victoria ,15/09/2019,56.70
Victoria ,22/09/2019,58.49
Victoria ,29/09/2019,69.23
Victoria ,6/10/2019,53.12
Victoria ,13/10/2019,53.71
Victoria ,20/10/2019,45.36
Victoria ,27/10/2019,46.55
Victoria ,3/11/2019,38.79
Victoria ,10/11/2019,48.34
Victoria ,17/11/2019,47.15
Victoria ,24/11/2019,43.57
Victoria ,1/12/2019,37.60
Victoria ,8/12/2019,48.94
Victoria ,15/12/2019,47.75
Victoria ,22/12/2019,35.21
Victoria ,29/12/2019,37.60
Victoria ,5/01/2020,44.17
Victoria ,12/01/2020,37.60
Victoria ,19/01/2020,37.00
Victoria ,26/01/2020,38.20
Victoria ,2/02/2020,42.97
Victoria ,9/02/2020,39.99
Victoria ,16/02/2020,29.24
Victoria ,23/02/2020,38.20
Victoria ,1/09/2019,60.15
Victoria ,8/09/2019,54.01
Victoria ,15/09/2019,57.08
Victoria ,22/09/2019,51.56
Victoria ,29/09/2019,54.01
Victoria ,6/10/2019,58.93
Victoria ,13/10/2019,47.26
Victoria ,20/10/2019,55.86
Victoria ,27/10/2019,45.42
Victoria ,3/11/2019,42.35
Victoria ,10/11/2019,46.65
Victoria ,17/11/2019,54.01
Victoria ,24/11/2019,43.58
Victoria ,1/12/2019,48.49
Victoria ,8/12/2019,46.65
Victoria ,15/12/2019,46.04
Victoria ,22/12/2019,44.19
Victoria ,29/12/2019,29.46
Victoria ,5/01/2020,41.12
Victoria ,12/01/2020,36.21
Victoria ,19/01/2020,44.19
Victoria ,26/01/2020,38.06
Victoria ,2/02/2020,37.44
Victoria ,9/02/2020,42.35
Victoria ,16/02/2020,31.92
Victoria ,23/02/2020,34.99
Victoria ,1/09/2019,53.20
Victoria ,8/09/2019,43.85
Victoria ,15/09/2019,52.88
Victoria ,22/09/2019,45.79
Victoria ,29/09/2019,42.89
Victoria ,6/10/2019,36.11
Victoria ,13/10/2019,38.37
Victoria ,20/10/2019,42.24
Victoria ,27/10/2019,44.18
Victoria ,3/11/2019,41.27
Victoria ,10/11/2019,41.92
Victoria ,17/11/2019,43.21
Victoria ,24/11/2019,35.79
Victoria ,1/12/2019,38.37
Victoria ,8/12/2019,40.31
Victoria ,15/12/2019,35.79
Victoria ,22/12/2019,34.50
Victoria ,29/12/2019,29.99
Victoria ,5/01/2020,28.38
Victoria ,12/01/2020,38.37
Victoria ,19/01/2020,39.98
Victoria ,26/01/2020,29.67
Victoria ,2/02/2020,33.53
Victoria ,9/02/2020,38.05
Victoria ,16/02/2020,38.37
Victoria ,23/02/2020,34.50
Victoria ,1/09/2019,42.53
Victoria ,8/09/2019,54.84
Victoria ,15/09/2019,53.17
Victoria ,22/09/2019,52.61
Victoria ,29/09/2019,54.29
Victoria ,6/10/2019,51.49
Victoria ,13/10/2019,49.81
Victoria ,20/10/2019,54.29
Victoria ,27/10/2019,47.01
Victoria ,3/11/2019,40.29
Victoria ,10/11/2019,40.29
Victoria ,17/11/2019,51.49
Victoria ,24/11/2019,54.29
Victoria ,1/12/2019,50.93
Victoria ,8/12/2019,42.53
Victoria ,15/12/2019,41.97
Victoria ,22/12/2019,26.30
Victoria ,29/12/2019,34.70
Victoria ,5/01/2020,40.85
Victoria ,12/01/2020,39.73
Victoria ,19/01/2020,30.22
Victoria ,26/01/2020,41.41
Victoria ,2/02/2020,40.85
Victoria ,9/02/2020,34.70
Victoria ,16/02/2020,30.22
Victoria ,23/02/2020,34.70
Victoria ,1/09/2019,55.06
Victoria ,8/09/2019,48.44
Victoria ,15/09/2019,54.71
Victoria ,22/09/2019,39.73
Victoria ,29/09/2019,50.88
Victoria ,6/10/2019,39.03
Victoria ,13/10/2019,53.67
Victoria ,20/10/2019,43.56
Victoria ,27/10/2019,52.62
Victoria ,3/11/2019,37.64
Victoria ,10/11/2019,45.65
Victoria ,17/11/2019,39.38
Victoria ,24/11/2019,46.00
Victoria ,1/12/2019,42.86
Victoria ,8/12/2019,45.30
Victoria ,15/12/2019,42.52
Victoria ,22/12/2019,37.29
Victoria ,29/12/2019,34.50
Victoria ,5/01/2020,46.00
Victoria ,12/01/2020,40.77
Victoria ,19/01/2020,37.64
Victoria ,26/01/2020,37.99
Victoria ,2/02/2020,31.71
Victoria ,9/02/2020,32.76
Victoria ,16/02/2020,34.15
Victoria ,23/02/2020,37.29
Victoria ,1/09/2019,28.08
Victoria ,8/09/2019,27.65
Victoria ,15/09/2019,27.22
Victoria ,22/09/2019,26.08
Victoria ,29/09/2019,26.22
Victoria ,6/10/2019,24.09
Victoria ,13/10/2019,22.80
Victoria ,20/10/2019,23.37
Victoria ,27/10/2019,26.79
Victoria ,3/11/2019,22.80
Victoria ,10/11/2019,25.94
Victoria ,17/11/2019,23.52
Victoria ,24/11/2019,22.09
Victoria ,1/12/2019,25.23
Victoria ,8/12/2019,24.37
Victoria ,15/12/2019,24.23
Victoria ,22/12/2019,13.97
Victoria ,29/12/2019,16.68
Victoria ,5/01/2020,21.66
Victoria ,12/01/2020,23.37
Victoria ,19/01/2020,22.52
Victoria ,26/01/2020,21.24
Victoria ,2/02/2020,23.66
Victoria ,9/02/2020,21.95
Victoria ,16/02/2020,22.09
Victoria ,23/02/2020,21.95
Victoria ,1/09/2019,25.18
Victoria ,8/09/2019,27.95
Victoria ,15/09/2019,29.21
Victoria ,22/09/2019,29.97
Victoria ,29/09/2019,29.97
Victoria ,6/10/2019,29.46
Victoria ,13/10/2019,35.51
Victoria ,20/10/2019,26.69
Victoria ,27/10/2019,28.20
Victoria ,3/11/2019,25.69
Victoria ,10/11/2019,29.71
Victoria ,17/11/2019,28.46
Victoria ,24/11/2019,25.69
Victoria ,1/12/2019,21.91
Victoria ,8/12/2019,29.21
Victoria ,15/12/2019,26.19
Victoria ,22/12/2019,19.89
Victoria ,29/12/2019,20.65
Victoria ,5/01/2020,21.15
Victoria ,12/01/2020,22.41
Victoria ,19/01/2020,22.66
Victoria ,26/01/2020,21.66
Victoria ,2/02/2020,19.14
Victoria ,9/02/2020,21.15
Victoria ,16/02/2020,17.38
Victoria ,23/02/2020,26.44
Victoria ,1/09/2019,38.80
Victoria ,8/09/2019,40.82
Victoria ,15/09/2019,43.96
Victoria ,22/09/2019,38.35
Victoria ,29/09/2019,33.42
Victoria ,6/10/2019,38.80
Victoria ,13/10/2019,33.19
Victoria ,20/10/2019,28.93
Victoria ,27/10/2019,30.50
Victoria ,3/11/2019,30.95
Victoria ,10/11/2019,26.24
Victoria ,17/11/2019,35.88
Victoria ,24/11/2019,32.07
Victoria ,1/12/2019,33.64
Victoria ,8/12/2019,38.57
Victoria ,15/12/2019,36.56
Victoria ,22/12/2019,24.44
Victoria ,29/12/2019,22.87
Victoria ,5/01/2020,33.19
Victoria ,12/01/2020,35.21
Victoria ,19/01/2020,26.01
Victoria ,26/01/2020,32.74
Victoria ,2/02/2020,30.50
Victoria ,9/02/2020,28.71
Victoria ,16/02/2020,32.97
Victoria ,23/02/2020,34.09
Victoria ,1/09/2019,39.52
Victoria ,8/09/2019,43.11
Victoria ,15/09/2019,34.49
Victoria ,22/09/2019,38.26
Victoria ,29/09/2019,30.36
Victoria ,6/10/2019,32.16
Victoria ,13/10/2019,35.21
Victoria ,20/10/2019,34.49
Victoria ,27/10/2019,38.80
Victoria ,3/11/2019,31.26
Victoria ,10/11/2019,29.28
Victoria ,17/11/2019,37.90
Victoria ,24/11/2019,33.23
Victoria ,1/12/2019,33.41
Victoria ,8/12/2019,34.13
Victoria ,15/12/2019,31.62
Victoria ,22/12/2019,20.66
Victoria ,29/12/2019,26.05
Victoria ,5/01/2020,28.20
Victoria ,12/01/2020,34.13
Victoria ,19/01/2020,28.92
Victoria ,26/01/2020,25.15
Victoria ,2/02/2020,24.97
Victoria ,9/02/2020,29.64
Victoria ,16/02/2020,28.20
Victoria ,23/02/2020,28.56
Victoria ,1/09/2019,38.63
Victoria ,8/09/2019,48.65
Victoria ,15/09/2019,40.78
Victoria ,22/09/2019,46.98
Victoria ,29/09/2019,42.45
Victoria ,6/10/2019,43.64
Victoria ,13/10/2019,38.87
Victoria ,20/10/2019,39.82
Victoria ,27/10/2019,41.02
Victoria ,3/11/2019,44.83
Victoria ,10/11/2019,35.53
Victoria ,17/11/2019,34.82
Victoria ,24/11/2019,36.96
Victoria ,1/12/2019,39.11
Victoria ,8/12/2019,34.58
Victoria ,15/12/2019,38.63
Victoria ,22/12/2019,27.19
Victoria ,29/12/2019,24.32
Victoria ,5/01/2020,36.72
Victoria ,12/01/2020,31.95
Victoria ,19/01/2020,36.01
Victoria ,26/01/2020,28.38
Victoria ,2/02/2020,31.48
Victoria ,9/02/2020,36.72
Victoria ,16/02/2020,34.10
Victoria ,23/02/2020,36.49
Victoria ,1/09/2019,43.78
Victoria ,8/09/2019,41.16
Victoria ,15/09/2019,43.22
Victoria ,22/09/2019,37.23
Victoria ,29/09/2019,41.35
Victoria ,6/10/2019,44.72
Victoria ,13/10/2019,37.42
Victoria ,20/10/2019,36.86
Victoria ,27/10/2019,35.55
Victoria ,3/11/2019,34.24
Victoria ,10/11/2019,35.74
Victoria ,17/11/2019,35.92
Victoria ,24/11/2019,36.11
Victoria ,1/12/2019,36.11
Victoria ,8/12/2019,35.55
Victoria ,15/12/2019,30.68
Victoria ,22/12/2019,29.19
Victoria ,29/12/2019,27.88
Victoria ,5/01/2020,31.25
Victoria ,12/01/2020,26.19
Victoria ,19/01/2020,26.94
Victoria ,26/01/2020,25.63
Victoria ,2/02/2020,22.83
Victoria ,9/02/2020,33.86
Victoria ,16/02/2020,27.13
Victoria ,23/02/2020,32.93
Victoria ,1/09/2019,39.36
Victoria ,8/09/2019,38.21
Victoria ,15/09/2019,39.71
Victoria ,22/09/2019,36.25
Victoria ,29/09/2019,32.55
Victoria ,6/10/2019,33.24
Victoria ,13/10/2019,32.44
Victoria ,20/10/2019,31.74
Victoria ,27/10/2019,30.82
Victoria ,3/11/2019,28.28
Victoria ,10/11/2019,29.90
Victoria ,17/11/2019,32.09
Victoria ,24/11/2019,33.94
Victoria ,1/12/2019,32.55
Victoria ,8/12/2019,26.90
Victoria ,15/12/2019,33.59
Victoria ,22/12/2019,24.70
Victoria ,29/12/2019,23.55
Victoria ,5/01/2020,31.97
Victoria ,12/01/2020,28.28
Victoria ,19/01/2020,26.43
Victoria ,26/01/2020,23.78
Victoria ,2/02/2020,26.20
Victoria ,9/02/2020,28.51
Victoria ,16/02/2020,25.05
Victoria ,23/02/2020,34.05
Victoria ,1/09/2019,36.39
Victoria ,8/09/2019,31.19
Victoria ,15/09/2019,34.38
Victoria ,22/09/2019,29.89
Victoria ,29/09/2019,32.61
Victoria ,6/10/2019,31.90
Victoria ,13/10/2019,29.42
Victoria ,20/10/2019,30.13
Victoria ,27/10/2019,32.25
Victoria ,3/11/2019,30.24
Victoria ,10/11/2019,25.52
Victoria ,17/11/2019,29.53
Victoria ,24/11/2019,28.35
Victoria ,1/12/2019,28.83
Victoria ,8/12/2019,27.88
Victoria ,15/12/2019,28.24
Victoria ,22/12/2019,22.68
Victoria ,29/12/2019,21.62
Victoria ,5/01/2020,25.52
Victoria ,12/01/2020,29.18
Victoria ,19/01/2020,23.51
Victoria ,26/01/2020,21.38
Victoria ,2/02/2020,22.21
Victoria ,9/02/2020,24.45
Victoria ,16/02/2020,27.76
Victoria ,23/02/2020,28.71
Victoria ,1/09/2019,53.18
Victoria ,8/09/2019,48.99
Victoria ,15/09/2019,47.70
Victoria ,22/09/2019,42.22
Victoria ,29/09/2019,39.64
Victoria ,6/10/2019,44.15
Victoria ,13/10/2019,47.38
Victoria ,20/10/2019,43.51
Victoria ,27/10/2019,42.86
Victoria ,3/11/2019,38.03
Victoria ,10/11/2019,38.67
Victoria ,17/11/2019,38.67
Victoria ,24/11/2019,36.10
Victoria ,1/12/2019,39.96
Victoria ,8/12/2019,40.29
Victoria ,15/12/2019,33.20
Victoria ,22/12/2019,32.55
Victoria ,29/12/2019,30.30
Victoria ,5/01/2020,31.91
Victoria ,12/01/2020,39.00
Victoria ,19/01/2020,34.81
Victoria ,26/01/2020,34.81
Victoria ,2/02/2020,32.87
Victoria ,9/02/2020,38.03
Victoria ,16/02/2020,36.10
Victoria ,23/02/2020,32.55
Victoria ,1/09/2019,61.14
Victoria ,8/09/2019,49.31
Victoria ,15/09/2019,59.17
Victoria ,22/09/2019,59.17
Victoria ,29/09/2019,67.72
Victoria ,6/10/2019,53.91
Victoria ,13/10/2019,42.73
Victoria ,20/10/2019,45.36
Victoria ,27/10/2019,56.54
Victoria ,3/11/2019,44.71
Victoria ,10/11/2019,59.17
Victoria ,17/11/2019,53.91
Victoria ,24/11/2019,56.54
Victoria ,1/12/2019,47.34
Victoria ,8/12/2019,47.34
Victoria ,15/12/2019,42.73
Victoria ,22/12/2019,33.53
Victoria ,29/12/2019,33.53
Victoria ,5/01/2020,32.21
Victoria ,12/01/2020,34.19
Victoria ,19/01/2020,42.73
Victoria ,26/01/2020,38.79
Victoria ,2/02/2020,27.61
Victoria ,9/02/2020,47.99
Victoria ,16/02/2020,30.24
Victoria ,23/02/2020,32.87
Victoria ,1/09/2019,52.93
Victoria ,8/09/2019,58.15
Victoria ,15/09/2019,56.66
Victoria ,22/09/2019,43.98
Victoria ,29/09/2019,69.33
Victoria ,6/10/2019,46.22
Victoria ,13/10/2019,52.93
Victoria ,20/10/2019,41.75
Victoria ,27/10/2019,61.87
Victoria ,3/11/2019,46.22
Victoria ,10/11/2019,48.46
Victoria ,17/11/2019,41.75
Victoria ,24/11/2019,46.22
Victoria ,1/12/2019,55.91
Victoria ,8/12/2019,54.42
Victoria ,15/12/2019,52.18
Victoria ,22/12/2019,34.29
Victoria ,29/12/2019,42.49
Victoria ,5/01/2020,42.49
Victoria ,12/01/2020,37.27
Victoria ,19/01/2020,48.46
Victoria ,26/01/2020,43.98
Victoria ,2/02/2020,43.98
Victoria ,9/02/2020,38.02
Victoria ,16/02/2020,43.24
Victoria ,23/02/2020,52.18
Victoria ,1/09/2019,55.84
Victoria ,8/09/2019,48.66
Victoria ,15/09/2019,49.46
Victoria ,22/09/2019,51.85
Victoria ,29/09/2019,65.41
Victoria ,6/10/2019,60.63
Victoria ,13/10/2019,55.04
Victoria ,20/10/2019,50.26
Victoria ,27/10/2019,59.03
Victoria ,3/11/2019,43.08
Victoria ,10/11/2019,43.87
Victoria ,17/11/2019,38.29
Victoria ,24/11/2019,51.05
Victoria ,1/12/2019,47.06
Victoria ,8/12/2019,51.05
Victoria ,15/12/2019,50.26
Victoria ,22/12/2019,40.68
Victoria ,29/12/2019,34.30
Victoria ,5/01/2020,35.90
Victoria ,12/01/2020,31.91
Victoria ,19/01/2020,44.67
Victoria ,26/01/2020,26.32
Victoria ,2/02/2020,42.28
Victoria ,9/02/2020,34.30
Victoria ,16/02/2020,51.05
Victoria ,23/02/2020,39.89
Queensland,1/09/2019,63.99
Queensland,8/09/2019,63.99
Queensland,15/09/2019,60.67
Queensland,22/09/2019,47.37
Queensland,29/09/2019,46.95
Queensland,6/10/2019,44.46
Queensland,13/10/2019,50.28
Queensland,20/10/2019,42.38
Queensland,27/10/2019,45.71
Queensland,3/11/2019,56.51
Queensland,10/11/2019,52.36
Queensland,17/11/2019,45.29
Queensland,24/11/2019,40.31
Queensland,1/12/2019,44.88
Queensland,8/12/2019,44.46
Queensland,15/12/2019,48.62
Queensland,22/12/2019,34.90
Queensland,29/12/2019,43.21
Queensland,5/01/2020,40.72
Queensland,12/01/2020,45.29
Queensland,19/01/2020,36.15
Queensland,26/01/2020,39.48
Queensland,2/02/2020,34.49
Queensland,9/02/2020,45.71
Queensland,16/02/2020,45.29
Queensland,23/02/2020,46.54
Queensland,1/09/2019,51.35
Queensland,8/09/2019,65.08
Queensland,15/09/2019,50.03
Queensland,22/09/2019,46.04
Queensland,29/09/2019,43.83
Queensland,6/10/2019,41.17
Queensland,13/10/2019,36.30
Queensland,20/10/2019,46.04
Queensland,27/10/2019,42.50
Queensland,3/11/2019,44.71
Queensland,10/11/2019,48.70
Queensland,17/11/2019,42.50
Queensland,24/11/2019,43.38
Queensland,1/12/2019,43.38
Queensland,8/12/2019,42.50
Queensland,15/12/2019,38.96
Queensland,22/12/2019,30.55
Queensland,29/12/2019,26.56
Queensland,5/01/2020,32.76
Queensland,12/01/2020,37.19
Queensland,19/01/2020,38.52
Queensland,26/01/2020,33.20
Queensland,2/02/2020,36.30
Queensland,9/02/2020,35.42
Queensland,16/02/2020,50.03
Queensland,23/02/2020,46.93
Queensland,1/09/2019,48.14
Queensland,8/09/2019,51.86
Queensland,15/09/2019,53.46
Queensland,22/09/2019,37.50
Queensland,29/09/2019,32.45
Queensland,6/10/2019,31.92
Queensland,13/10/2019,38.30
Queensland,20/10/2019,39.10
Queensland,27/10/2019,34.31
Queensland,3/11/2019,34.04
Queensland,10/11/2019,35.11
Queensland,17/11/2019,35.91
Queensland,24/11/2019,39.89
Queensland,1/12/2019,35.64
Queensland,8/12/2019,30.05
Queensland,15/12/2019,35.37
Queensland,22/12/2019,23.67
Queensland,29/12/2019,31.12
Queensland,5/01/2020,28.19
Queensland,12/01/2020,27.66
Queensland,19/01/2020,36.70
Queensland,26/01/2020,34.04
Queensland,2/02/2020,38.03
Queensland,9/02/2020,37.77
Queensland,16/02/2020,37.77
Queensland,23/02/2020,45.75
Queensland,1/09/2019,34.14
Queensland,8/09/2019,48.62
Queensland,15/09/2019,35.69
Queensland,22/09/2019,42.41
Queensland,29/09/2019,33.10
Queensland,6/10/2019,30.52
Queensland,13/10/2019,37.76
Queensland,20/10/2019,29.48
Queensland,27/10/2019,32.59
Queensland,3/11/2019,34.65
Queensland,10/11/2019,25.34
Queensland,17/11/2019,39.31
Queensland,24/11/2019,28.45
Queensland,1/12/2019,35.17
Queensland,8/12/2019,26.90
Queensland,15/12/2019,24.83
Queensland,22/12/2019,15.52
Queensland,29/12/2019,14.48
Queensland,5/01/2020,26.90
Queensland,12/01/2020,31.03
Queensland,19/01/2020,22.76
Queensland,26/01/2020,21.72
Queensland,2/02/2020,35.17
Queensland,9/02/2020,30.00
Queensland,16/02/2020,29.48
Queensland,23/02/2020,37.24
Queensland,1/09/2019,29.52
Queensland,8/09/2019,35.02
Queensland,15/09/2019,35.70
Queensland,22/09/2019,28.49
Queensland,29/09/2019,29.18
Queensland,6/10/2019,27.46
Queensland,13/10/2019,28.49
Queensland,20/10/2019,24.03
Queensland,27/10/2019,33.30
Queensland,3/11/2019,30.55
Queensland,10/11/2019,34.33
Queensland,17/11/2019,27.81
Queensland,24/11/2019,30.21
Queensland,1/12/2019,28.84
Queensland,8/12/2019,28.84
Queensland,15/12/2019,29.52
Queensland,22/12/2019,16.48
Queensland,29/12/2019,17.17
Queensland,5/01/2020,26.09
Queensland,12/01/2020,23.00
Queensland,19/01/2020,28.84
Queensland,26/01/2020,26.43
Queensland,2/02/2020,30.90
Queensland,9/02/2020,29.52
Queensland,16/02/2020,27.81
Queensland,23/02/2020,26.09
Queensland,1/09/2019,61.06
Queensland,8/09/2019,57.52
Queensland,15/09/2019,54.76
Queensland,22/09/2019,56.33
Queensland,29/09/2019,53.58
Queensland,6/10/2019,46.49
Queensland,13/10/2019,38.21
Queensland,20/10/2019,44.91
Queensland,27/10/2019,42.15
Queensland,3/11/2019,45.70
Queensland,10/11/2019,56.33
Queensland,17/11/2019,38.21
Queensland,24/11/2019,50.43
Queensland,1/12/2019,48.85
Queensland,8/12/2019,46.88
Queensland,15/12/2019,44.52
Queensland,22/12/2019,46.09
Queensland,29/12/2019,44.52
Queensland,5/01/2020,33.09
Queensland,12/01/2020,45.30
Queensland,19/01/2020,41.76
Queensland,26/01/2020,44.52
Queensland,2/02/2020,37.03
Queensland,9/02/2020,46.49
Queensland,16/02/2020,38.61
Queensland,23/02/2020,40.18
Queensland,1/09/2019,80.80
Queensland,8/09/2019,83.91
Queensland,15/09/2019,61.38
Queensland,22/09/2019,63.71
Queensland,29/09/2019,48.17
Queensland,6/10/2019,43.51
Queensland,13/10/2019,47.39
Queensland,20/10/2019,43.51
Queensland,27/10/2019,47.39
Queensland,3/11/2019,55.16
Queensland,10/11/2019,45.06
Queensland,17/11/2019,46.62
Queensland,24/11/2019,48.17
Queensland,1/12/2019,45.06
Queensland,8/12/2019,52.83
Queensland,15/12/2019,43.51
Queensland,22/12/2019,37.29
Queensland,29/12/2019,32.63
Queensland,5/01/2020,52.06
Queensland,12/01/2020,44.29
Queensland,19/01/2020,39.62
Queensland,26/01/2020,36.52
Queensland,2/02/2020,45.84
Queensland,9/02/2020,46.62
Queensland,16/02/2020,52.83
Queensland,23/02/2020,34.19
Queensland,1/09/2019,56.88
Queensland,8/09/2019,69.66
Queensland,15/09/2019,57.76
Queensland,22/09/2019,58.64
Queensland,29/09/2019,46.73
Queensland,6/10/2019,45.41
Queensland,13/10/2019,49.82
Queensland,20/10/2019,46.29
Queensland,27/10/2019,44.09
Queensland,3/11/2019,42.33
Queensland,10/11/2019,37.92
Queensland,17/11/2019,49.38
Queensland,24/11/2019,41.00
Queensland,1/12/2019,53.79
Queensland,8/12/2019,48.06
Queensland,15/12/2019,44.53
Queensland,22/12/2019,30.42
Queensland,29/12/2019,35.71
Queensland,5/01/2020,38.80
Queensland,12/01/2020,33.07
Queensland,19/01/2020,35.27
Queensland,26/01/2020,36.59
Queensland,2/02/2020,48.94
Queensland,9/02/2020,33.51
Queensland,16/02/2020,43.21
Queensland,23/02/2020,58.20
Queensland,1/09/2019,52.66
Queensland,8/09/2019,42.60
Queensland,15/09/2019,50.15
Queensland,22/09/2019,43.39
Queensland,29/09/2019,43.23
Queensland,6/10/2019,36.31
Queensland,13/10/2019,43.23
Queensland,20/10/2019,38.36
Queensland,27/10/2019,39.46
Queensland,3/11/2019,35.84
Queensland,10/11/2019,42.45
Queensland,17/11/2019,47.16
Queensland,24/11/2019,39.93
Queensland,1/12/2019,44.17
Queensland,8/12/2019,41.50
Queensland,15/12/2019,39.46
Queensland,22/12/2019,30.34
Queensland,29/12/2019,33.01
Queensland,5/01/2020,39.93
Queensland,12/01/2020,35.69
Queensland,19/01/2020,39.77
Queensland,26/01/2020,35.21
Queensland,2/02/2020,40.72
Queensland,9/02/2020,37.57
Queensland,16/02/2020,42.92
Queensland,23/02/2020,39.30
Queensland,1/09/2019,77.26
Queensland,8/09/2019,70.37
Queensland,15/09/2019,62.64
Queensland,22/09/2019,64.30
Queensland,29/09/2019,64.85
Queensland,6/10/2019,51.33
Queensland,13/10/2019,53.26
Queensland,20/10/2019,48.57
Queensland,27/10/2019,58.22
Queensland,3/11/2019,46.63
Queensland,10/11/2019,49.95
Queensland,17/11/2019,50.50
Queensland,24/11/2019,49.12
Queensland,1/12/2019,50.77
Queensland,8/12/2019,46.08
Queensland,15/12/2019,44.70
Queensland,22/12/2019,32.56
Queensland,29/12/2019,36.70
Queensland,5/01/2020,45.53
Queensland,12/01/2020,38.91
Queensland,19/01/2020,43.05
Queensland,26/01/2020,36.15
Queensland,2/02/2020,40.56
Queensland,9/02/2020,49.95
Queensland,16/02/2020,51.60
Queensland,23/02/2020,52.15
Queensland,1/09/2019,78.45
Queensland,8/09/2019,63.28
Queensland,15/09/2019,63.85
Queensland,22/09/2019,57.84
Queensland,29/09/2019,52.11
Queensland,6/10/2019,56.40
Queensland,13/10/2019,53.26
Queensland,20/10/2019,45.81
Queensland,27/10/2019,46.38
Queensland,3/11/2019,53.54
Queensland,10/11/2019,58.98
Queensland,17/11/2019,47.24
Queensland,24/11/2019,55.26
Queensland,1/12/2019,48.39
Queensland,8/12/2019,44.09
Queensland,15/12/2019,54.40
Queensland,22/12/2019,39.80
Queensland,29/12/2019,37.51
Queensland,5/01/2020,51.25
Queensland,12/01/2020,43.23
Queensland,19/01/2020,46.38
Queensland,26/01/2020,48.67
Queensland,2/02/2020,53.83
Queensland,9/02/2020,53.54
Queensland,16/02/2020,61.56
Queensland,23/02/2020,65.57
Queensland,1/09/2019,60.11
Queensland,8/09/2019,60.11
Queensland,15/09/2019,62.43
Queensland,22/09/2019,42.20
Queensland,29/09/2019,53.18
Queensland,6/10/2019,47.98
Queensland,13/10/2019,38.73
Queensland,20/10/2019,36.41
Queensland,27/10/2019,46.24
Queensland,3/11/2019,35.84
Queensland,10/11/2019,40.46
Queensland,17/11/2019,44.51
Queensland,24/11/2019,39.30
Queensland,1/12/2019,49.13
Queensland,8/12/2019,39.30
Queensland,15/12/2019,35.84
Queensland,22/12/2019,23.70
Queensland,29/12/2019,32.95
Queensland,5/01/2020,46.24
Queensland,12/01/2020,43.35
Queensland,19/01/2020,35.84
Queensland,26/01/2020,40.46
Queensland,2/02/2020,46.24
Queensland,9/02/2020,43.35
Queensland,16/02/2020,38.73
Queensland,23/02/2020,49.13
Queensland,1/09/2019,75.70
Queensland,8/09/2019,83.90
Queensland,15/09/2019,75.70
Queensland,22/09/2019,76.49
Queensland,29/09/2019,58.92
Queensland,6/10/2019,48.39
Queensland,13/10/2019,61.27
Queensland,20/10/2019,50.34
Queensland,27/10/2019,55.02
Queensland,3/11/2019,46.44
Queensland,10/11/2019,69.46
Queensland,17/11/2019,56.19
Queensland,24/11/2019,55.80
Queensland,1/12/2019,57.36
Queensland,8/12/2019,72.19
Queensland,15/12/2019,57.36
Queensland,22/12/2019,32.78
Queensland,29/12/2019,42.54
Queensland,5/01/2020,53.85
Queensland,12/01/2020,47.61
Queensland,19/01/2020,40.58
Queensland,26/01/2020,42.93
Queensland,2/02/2020,49.17
Queensland,9/02/2020,51.51
Queensland,16/02/2020,64.78
Queensland,23/02/2020,59.31
Queensland,1/09/2019,53.85
Queensland,8/09/2019,53.85
Queensland,15/09/2019,54.31
Queensland,22/09/2019,48.83
Queensland,29/09/2019,52.49
Queensland,6/10/2019,45.18
Queensland,13/10/2019,44.27
Queensland,20/10/2019,45.18
Queensland,27/10/2019,43.81
Queensland,3/11/2019,41.99
Queensland,10/11/2019,41.08
Queensland,17/11/2019,48.38
Queensland,24/11/2019,41.08
Queensland,1/12/2019,36.97
Queensland,8/12/2019,41.08
Queensland,15/12/2019,36.97
Queensland,22/12/2019,23.73
Queensland,29/12/2019,30.58
Queensland,5/01/2020,38.79
Queensland,12/01/2020,34.69
Queensland,19/01/2020,35.14
Queensland,26/01/2020,39.71
Queensland,2/02/2020,40.16
Queensland,9/02/2020,35.60
Queensland,16/02/2020,50.20
Queensland,23/02/2020,43.81
Queensland,1/09/2019,99.35
Queensland,8/09/2019,99.35
Queensland,15/09/2019,71.49
Queensland,22/09/2019,73.91
Queensland,29/09/2019,71.49
Queensland,6/10/2019,60.58
Queensland,13/10/2019,58.16
Queensland,20/10/2019,59.37
Queensland,27/10/2019,81.18
Queensland,3/11/2019,65.43
Queensland,10/11/2019,47.25
Queensland,17/11/2019,83.60
Queensland,24/11/2019,54.52
Queensland,1/12/2019,55.73
Queensland,8/12/2019,61.79
Queensland,15/12/2019,49.68
Queensland,22/12/2019,42.41
Queensland,29/12/2019,60.58
Queensland,5/01/2020,73.91
Queensland,12/01/2020,63.00
Queensland,19/01/2020,58.16
Queensland,26/01/2020,59.37
Queensland,2/02/2020,61.79
Queensland,9/02/2020,52.10
Queensland,16/02/2020,87.24
Queensland,23/02/2020,84.81
Queensland,1/09/2019,64.54
Queensland,8/09/2019,65.06
Queensland,15/09/2019,58.81
Queensland,22/09/2019,49.18
Queensland,29/09/2019,49.44
Queensland,6/10/2019,45.80
Queensland,13/10/2019,51.79
Queensland,20/10/2019,48.92
Queensland,27/10/2019,45.80
Queensland,3/11/2019,49.96
Queensland,10/11/2019,49.18
Queensland,17/11/2019,49.96
Queensland,24/11/2019,45.80
Queensland,1/12/2019,53.87
Queensland,8/12/2019,49.96
Queensland,15/12/2019,35.65
Queensland,22/12/2019,27.32
Queensland,29/12/2019,36.69
Queensland,5/01/2020,42.94
Queensland,12/01/2020,42.42
Queensland,19/01/2020,38.77
Queensland,26/01/2020,37.73
Queensland,2/02/2020,43.20
Queensland,9/02/2020,50.74
Queensland,16/02/2020,53.61
Queensland,23/02/2020,45.80
Queensland,1/09/2019,67.52
Queensland,8/09/2019,63.74
Queensland,15/09/2019,61.85
Queensland,22/09/2019,60.58
Queensland,29/09/2019,43.54
Queensland,6/10/2019,46.07
Queensland,13/10/2019,40.39
Queensland,20/10/2019,41.65
Queensland,27/10/2019,46.07
Queensland,3/11/2019,47.33
Queensland,10/11/2019,42.28
Queensland,17/11/2019,47.96
Queensland,24/11/2019,37.23
Queensland,1/12/2019,44.81
Queensland,8/12/2019,42.28
Queensland,15/12/2019,32.82
Queensland,22/12/2019,30.92
Queensland,29/12/2019,33.45
Queensland,5/01/2020,49.22
Queensland,12/01/2020,42.28
Queensland,19/01/2020,35.34
Queensland,26/01/2020,40.39
Queensland,2/02/2020,42.28
Queensland,9/02/2020,44.81
Queensland,16/02/2020,57.43
Queensland,23/02/2020,41.65
Queensland,1/09/2019,46.82
Queensland,8/09/2019,56.94
Queensland,15/09/2019,58.20
Queensland,22/09/2019,47.24
Queensland,29/09/2019,46.39
Queensland,6/10/2019,38.80
Queensland,13/10/2019,40.07
Queensland,20/10/2019,38.38
Queensland,27/10/2019,37.54
Queensland,3/11/2019,41.33
Queensland,10/11/2019,41.75
Queensland,17/11/2019,41.33
Queensland,24/11/2019,47.24
Queensland,1/12/2019,44.29
Queensland,8/12/2019,44.29
Queensland,15/12/2019,35.43
Queensland,22/12/2019,26.99
Queensland,29/12/2019,33.74
Queensland,5/01/2020,30.79
Queensland,12/01/2020,34.16
Queensland,19/01/2020,39.22
Queensland,26/01/2020,36.27
Queensland,2/02/2020,48.92
Queensland,9/02/2020,48.08
Queensland,16/02/2020,45.55
Queensland,23/02/2020,47.66
Queensland,1/09/2019,84.15
Queensland,8/09/2019,89.16
Queensland,15/09/2019,73.80
Queensland,22/09/2019,65.45
Queensland,29/09/2019,65.12
Queensland,6/10/2019,55.77
Queensland,13/10/2019,57.77
Queensland,20/10/2019,64.11
Queensland,27/10/2019,59.77
Queensland,3/11/2019,64.45
Queensland,10/11/2019,60.11
Queensland,17/11/2019,71.79
Queensland,24/11/2019,52.09
Queensland,1/12/2019,49.42
Queensland,8/12/2019,56.43
Queensland,15/12/2019,45.08
Queensland,22/12/2019,44.41
Queensland,29/12/2019,42.74
Queensland,5/01/2020,49.09
Queensland,12/01/2020,54.43
Queensland,19/01/2020,45.75
Queensland,26/01/2020,44.75
Queensland,2/02/2020,47.75
Queensland,9/02/2020,73.13
Queensland,16/02/2020,67.12
Queensland,23/02/2020,50.09
South Australia,1/09/2019,35.64
South Australia,8/09/2019,35.32
South Australia,15/09/2019,39.24
South Australia,22/09/2019,40.88
South Australia,29/09/2019,40.22
South Australia,6/10/2019,31.07
South Australia,13/10/2019,41.20
South Australia,20/10/2019,21.91
South Australia,27/10/2019,33.36
South Australia,3/11/2019,31.72
South Australia,10/11/2019,38.26
South Australia,17/11/2019,30.74
South Australia,24/11/2019,28.78
South Australia,1/12/2019,32.70
South Australia,8/12/2019,35.97
South Australia,15/12/2019,36.63
South Australia,22/12/2019,19.29
South Australia,29/12/2019,19.62
South Australia,5/01/2020,30.74
South Australia,12/01/2020,24.85
South Australia,19/01/2020,27.47
South Australia,26/01/2020,29.43
South Australia,2/02/2020,30.74
South Australia,9/02/2020,25.83
South Australia,16/02/2020,22.56
South Australia,23/02/2020,31.39
South Australia,1/09/2019,52.36
South Australia,8/09/2019,55.07
South Australia,15/09/2019,44.24
South Australia,22/09/2019,50.78
South Australia,29/09/2019,46.72
South Australia,6/10/2019,46.49
South Australia,13/10/2019,40.85
South Australia,20/10/2019,41.98
South Australia,27/10/2019,44.46
South Australia,3/11/2019,40.85
South Australia,10/11/2019,49.65
South Australia,17/11/2019,46.94
South Australia,24/11/2019,38.82
South Australia,1/12/2019,38.82
South Australia,8/12/2019,38.37
South Australia,15/12/2019,43.79
South Australia,22/12/2019,26.18
South Australia,29/12/2019,29.79
South Australia,5/01/2020,30.24
South Australia,12/01/2020,36.79
South Australia,19/01/2020,34.53
South Australia,26/01/2020,29.11
South Australia,2/02/2020,34.98
South Australia,9/02/2020,39.27
South Australia,16/02/2020,40.63
South Australia,23/02/2020,46.49
South Australia,1/09/2019,44.74
South Australia,8/09/2019,47.97
South Australia,15/09/2019,41.23
South Australia,22/09/2019,48.24
South Australia,29/09/2019,49.86
South Australia,6/10/2019,39.89
South Australia,13/10/2019,46.09
South Australia,20/10/2019,45.01
South Australia,27/10/2019,41.77
South Australia,3/11/2019,38.81
South Australia,10/11/2019,49.59
South Australia,17/11/2019,46.09
South Australia,24/11/2019,31.53
South Australia,1/12/2019,32.34
South Australia,8/12/2019,38.81
South Australia,15/12/2019,35.84
South Australia,22/12/2019,26.95
South Australia,29/12/2019,30.72
South Australia,5/01/2020,29.38
South Australia,12/01/2020,40.43
South Australia,19/01/2020,36.65
South Australia,26/01/2020,36.11
South Australia,2/02/2020,34.23
South Australia,9/02/2020,35.57
South Australia,16/02/2020,32.34
South Australia,23/02/2020,34.77
South Australia,1/09/2019,43.36
South Australia,8/09/2019,46.28
South Australia,15/09/2019,42.95
South Australia,22/09/2019,42.95
South Australia,29/09/2019,47.95
South Australia,6/10/2019,45.45
South Australia,13/10/2019,43.78
South Australia,20/10/2019,44.61
South Australia,27/10/2019,37.53
South Australia,3/11/2019,36.69
South Australia,10/11/2019,39.19
South Australia,17/11/2019,42.95
South Australia,24/11/2019,31.69
South Australia,1/12/2019,49.62
South Australia,8/12/2019,42.11
South Australia,15/12/2019,42.53
South Australia,22/12/2019,28.35
South Australia,29/12/2019,33.36
South Australia,5/01/2020,31.27
South Australia,12/01/2020,34.61
South Australia,19/01/2020,40.86
South Australia,26/01/2020,35.02
South Australia,2/02/2020,32.94
South Australia,9/02/2020,34.61
South Australia,16/02/2020,40.03
South Australia,23/02/2020,39.19
South Australia,1/09/2019,46.29
South Australia,8/09/2019,37.55
South Australia,15/09/2019,51.53
South Australia,22/09/2019,56.77
South Australia,29/09/2019,56.77
South Australia,6/10/2019,38.43
South Australia,13/10/2019,48.03
South Australia,20/10/2019,41.92
South Australia,27/10/2019,41.05
South Australia,3/11/2019,27.07
South Australia,10/11/2019,40.17
South Australia,17/11/2019,48.03
South Australia,24/11/2019,36.68
South Australia,1/12/2019,46.29
South Australia,8/12/2019,43.67
South Australia,15/12/2019,34.93
South Australia,22/12/2019,34.93
South Australia,29/12/2019,22.71
South Australia,5/01/2020,27.07
South Australia,12/01/2020,29.69
South Australia,19/01/2020,27.07
South Australia,26/01/2020,28.82
South Australia,2/02/2020,42.79
South Australia,9/02/2020,25.33
South Australia,16/02/2020,32.31
South Australia,23/02/2020,39.30
South Australia,1/09/2019,61.61
South Australia,8/09/2019,55.68
South Australia,15/09/2019,79.38
South Australia,22/09/2019,54.50
South Australia,29/09/2019,55.68
South Australia,6/10/2019,63.98
South Australia,13/10/2019,41.47
South Australia,20/10/2019,52.13
South Australia,27/10/2019,60.42
South Australia,3/11/2019,46.20
South Australia,10/11/2019,41.47
South Australia,17/11/2019,54.50
South Australia,24/11/2019,43.84
South Australia,1/12/2019,43.84
South Australia,8/12/2019,48.57
South Australia,15/12/2019,53.31
South Australia,22/12/2019,27.25
South Australia,29/12/2019,39.10
South Australia,5/01/2020,37.91
South Australia,12/01/2020,40.28
South Australia,19/01/2020,47.39
South Australia,26/01/2020,24.88
South Australia,2/02/2020,43.84
South Australia,9/02/2020,52.13
South Australia,16/02/2020,27.25
South Australia,23/02/2020,42.65
South Australia,1/09/2019,55.36
South Australia,8/09/2019,43.97
South Australia,15/09/2019,53.80
South Australia,22/09/2019,50.18
South Australia,29/09/2019,44.49
South Australia,6/10/2019,50.70
South Australia,13/10/2019,49.15
South Australia,20/10/2019,41.39
South Australia,27/10/2019,50.18
South Australia,3/11/2019,49.15
South Australia,10/11/2019,41.39
South Australia,17/11/2019,57.43
South Australia,24/11/2019,46.56
South Australia,1/12/2019,49.67
South Australia,8/12/2019,56.91
South Australia,15/12/2019,44.49
South Australia,22/12/2019,32.59
South Australia,29/12/2019,30.52
South Australia,5/01/2020,34.66
South Australia,12/01/2020,36.73
South Australia,19/01/2020,38.28
South Australia,26/01/2020,33.63
South Australia,2/02/2020,41.90
South Australia,9/02/2020,41.90
South Australia,16/02/2020,38.28
South Australia,23/02/2020,41.39
Western Australia,1/09/2019,36.96
Western Australia,8/09/2019,35.87
Western Australia,15/09/2019,44.02
Western Australia,22/09/2019,42.93
Western Australia,29/09/2019,45.11
Western Australia,6/10/2019,46.19
Western Australia,13/10/2019,30.43
Western Australia,20/10/2019,39.67
Western Australia,27/10/2019,36.96
Western Australia,3/11/2019,34.78
Western Australia,10/11/2019,25.54
Western Australia,17/11/2019,30.98
Western Australia,24/11/2019,36.41
Western Australia,1/12/2019,40.76
Western Australia,8/12/2019,29.89
Western Australia,15/12/2019,25.00
Western Australia,22/12/2019,22.83
Western Australia,29/12/2019,23.37
Western Australia,5/01/2020,22.28
Western Australia,12/01/2020,26.63
Western Australia,19/01/2020,19.56
Western Australia,26/01/2020,30.43
Western Australia,2/02/2020,19.02
Western Australia,9/02/2020,26.09
Western Australia,16/02/2020,39.67
Western Australia,23/02/2020,31.52
Western Australia,1/09/2019,42.53
Western Australia,8/09/2019,48.32
Western Australia,15/09/2019,43.49
Western Australia,22/09/2019,53.16
Western Australia,29/09/2019,48.32
Western Australia,6/10/2019,52.19
Western Australia,13/10/2019,36.73
Western Australia,20/10/2019,40.59
Western Australia,27/10/2019,44.46
Western Australia,3/11/2019,49.29
Western Australia,10/11/2019,35.76
Western Australia,17/11/2019,48.32
Western Australia,24/11/2019,33.83
Western Australia,1/12/2019,32.86
Western Australia,8/12/2019,34.79
Western Australia,15/12/2019,42.53
Western Australia,22/12/2019,32.86
Western Australia,29/12/2019,22.23
Western Australia,5/01/2020,33.83
Western Australia,12/01/2020,36.73
Western Australia,19/01/2020,27.06
Western Australia,26/01/2020,38.66
Western Australia,2/02/2020,31.89
Western Australia,9/02/2020,34.79
Western Australia,16/02/2020,48.32
Western Australia,23/02/2020,26.10
Western Australia,1/09/2019,28.99
Western Australia,8/09/2019,28.99
Western Australia,15/09/2019,36.10
Western Australia,22/09/2019,26.80
Western Australia,29/09/2019,27.35
Western Australia,6/10/2019,27.89
Western Australia,13/10/2019,21.88
Western Australia,20/10/2019,22.97
Western Australia,27/10/2019,21.88
Western Australia,3/11/2019,25.16
Western Australia,10/11/2019,22.97
Western Australia,17/11/2019,29.53
Western Australia,24/11/2019,24.06
Western Australia,1/12/2019,27.35
Western Australia,8/12/2019,22.97
Western Australia,15/12/2019,24.61
Western Australia,22/12/2019,13.67
Western Australia,29/12/2019,13.13
Western Australia,5/01/2020,18.05
Western Australia,12/01/2020,17.50
Western Australia,19/01/2020,16.41
Western Australia,26/01/2020,18.05
Western Australia,2/02/2020,18.60
Western Australia,9/02/2020,20.24
Western Australia,16/02/2020,18.05
Western Australia,23/02/2020,14.77
Western Australia,1/09/2019,36.31
Western Australia,8/09/2019,39.28
Western Australia,15/09/2019,31.50
Western Australia,22/09/2019,34.09
Western Australia,29/09/2019,33.72
Western Australia,6/10/2019,30.38
Western Australia,13/10/2019,27.42
Western Australia,20/10/2019,21.12
Western Australia,27/10/2019,33.72
Western Australia,3/11/2019,35.94
Western Australia,10/11/2019,32.24
Western Australia,17/11/2019,29.27
Western Australia,24/11/2019,29.27
Western Australia,1/12/2019,30.75
Western Australia,8/12/2019,24.46
Western Australia,15/12/2019,22.23
Western Australia,22/12/2019,17.79
Western Australia,29/12/2019,16.67
Western Australia,5/01/2020,22.97
Western Australia,12/01/2020,26.31
Western Australia,19/01/2020,24.83
Western Australia,26/01/2020,25.20
Western Australia,2/02/2020,31.12
Western Australia,9/02/2020,24.08
Western Australia,16/02/2020,30.75
Western Australia,23/02/2020,31.12
Western Australia,1/09/2019,29.78
Western Australia,8/09/2019,30.30
Western Australia,15/09/2019,29.78
Western Australia,22/09/2019,28.37
Western Australia,29/09/2019,31.70
Western Australia,6/10/2019,31.88
Western Australia,13/10/2019,25.05
Western Australia,20/10/2019,29.25
Western Australia,27/10/2019,27.85
Western Australia,3/11/2019,31.18
Western Australia,10/11/2019,29.95
Western Australia,17/11/2019,28.02
Western Australia,24/11/2019,27.67
Western Australia,1/12/2019,24.87
Western Australia,8/12/2019,27.67
Western Australia,15/12/2019,28.20
Western Australia,22/12/2019,18.57
Western Australia,29/12/2019,19.97
Western Australia,5/01/2020,26.62
Western Australia,12/01/2020,29.25
Western Australia,19/01/2020,25.40
Western Australia,26/01/2020,28.20
Western Australia,2/02/2020,19.27
Western Australia,9/02/2020,25.22
Western Australia,16/02/2020,22.07
Western Australia,23/02/2020,24.52
Western Australia,1/09/2019,34.68
Western Australia,8/09/2019,34.11
Western Australia,15/09/2019,32.38
Western Australia,22/09/2019,33.53
Western Australia,29/09/2019,28.17
Western Australia,6/10/2019,31.81
Western Australia,13/10/2019,25.68
Western Australia,20/10/2019,33.73
Western Australia,27/10/2019,25.29
Western Australia,3/11/2019,22.23
Western Australia,10/11/2019,26.25
Western Australia,17/11/2019,26.25
Western Australia,24/11/2019,24.34
Western Australia,1/12/2019,30.66
Western Australia,8/12/2019,21.46
Western Australia,15/12/2019,24.53
Western Australia,22/12/2019,18.01
Western Australia,29/12/2019,16.10
Western Australia,5/01/2020,19.74
Western Australia,12/01/2020,23.57
Western Australia,19/01/2020,23.95
Western Australia,26/01/2020,22.80
Western Australia,2/02/2020,19.93
Western Australia,9/02/2020,25.49
Western Australia,16/02/2020,21.27
Western Australia,23/02/2020,27.78
Western Australia,1/09/2019,37.07
Western Australia,8/09/2019,34.10
Western Australia,15/09/2019,30.21
Western Australia,22/09/2019,38.90
Western Australia,29/09/2019,34.33
Western Australia,6/10/2019,31.58
Western Australia,13/10/2019,36.84
Western Australia,20/10/2019,32.50
Western Australia,27/10/2019,32.04
Western Australia,3/11/2019,29.52
Western Australia,10/11/2019,30.89
Western Australia,17/11/2019,27.00
Western Australia,24/11/2019,23.80
Western Australia,1/12/2019,27.69
Western Australia,8/12/2019,23.34
Western Australia,15/12/2019,27.46
Western Australia,22/12/2019,18.76
Western Australia,29/12/2019,16.48
Western Australia,5/01/2020,23.34
Western Australia,12/01/2020,22.20
Western Australia,19/01/2020,24.26
Western Australia,26/01/2020,20.82
Western Australia,2/02/2020,24.26
Western Australia,9/02/2020,28.83
Western Australia,16/02/2020,21.51
Western Australia,23/02/2020,21.28
Western Australia,1/09/2019,48.93
Western Australia,8/09/2019,42.36
Western Australia,15/09/2019,40.90
Western Australia,22/09/2019,44.55
Western Australia,29/09/2019,35.05
Western Australia,6/10/2019,43.82
Western Australia,13/10/2019,27.02
Western Australia,20/10/2019,43.09
Western Australia,27/10/2019,33.59
Western Australia,3/11/2019,38.71
Western Australia,10/11/2019,43.82
Western Australia,17/11/2019,38.71
Western Australia,24/11/2019,26.29
Western Australia,1/12/2019,20.45
Western Australia,8/12/2019,29.21
Western Australia,15/12/2019,30.67
Western Australia,22/12/2019,28.48
Western Australia,29/12/2019,29.94
Western Australia,5/01/2020,25.56
Western Australia,12/01/2020,30.67
Western Australia,19/01/2020,24.83
Western Australia,26/01/2020,23.37
Western Australia,2/02/2020,21.18
Western Australia,9/02/2020,29.21
Western Australia,16/02/2020,29.94
Western Australia,23/02/2020,24.83
Western Australia,1/09/2019,55.12
Western Australia,8/09/2019,60.23
Western Australia,15/09/2019,58.19
Western Australia,22/09/2019,54.10
Western Australia,29/09/2019,62.27
Western Australia,6/10/2019,65.33
Western Australia,13/10/2019,57.16
Western Australia,20/10/2019,56.14
Western Australia,27/10/2019,66.35
Western Australia,3/11/2019,61.25
Western Australia,10/11/2019,46.96
Western Australia,17/11/2019,58.19
Western Australia,24/11/2019,53.08
Western Australia,1/12/2019,44.91
Western Australia,8/12/2019,45.94
Western Australia,15/12/2019,47.98
Western Australia,22/12/2019,54.10
Western Australia,29/12/2019,39.81
Western Australia,5/01/2020,47.98
Western Australia,12/01/2020,44.91
Western Australia,19/01/2020,41.85
Western Australia,26/01/2020,46.96
Western Australia,2/02/2020,36.75
Western Australia,9/02/2020,42.87
Western Australia,16/02/2020,39.81
Western Australia,23/02/2020,35.73
Western Australia,1/09/2019,50.58
Western Australia,8/09/2019,66.01
Western Australia,15/09/2019,55.73
Western Australia,22/09/2019,48.01
Western Australia,29/09/2019,47.15
Western Australia,6/10/2019,48.87
Western Australia,13/10/2019,53.15
Western Australia,20/10/2019,33.44
Western Australia,27/10/2019,37.72
Western Australia,3/11/2019,54.01
Western Australia,10/11/2019,64.30
Western Australia,17/11/2019,36.01
Western Australia,24/11/2019,34.29
Western Australia,1/12/2019,32.58
Western Australia,8/12/2019,28.29
Western Australia,15/12/2019,43.72
Western Australia,22/12/2019,41.15
Western Australia,29/12/2019,28.29
Western Australia,5/01/2020,37.72
Western Australia,12/01/2020,43.72
Western Australia,19/01/2020,40.29
Western Australia,26/01/2020,33.44
Western Australia,2/02/2020,45.44
Western Australia,9/02/2020,30.86
Western Australia,16/02/2020,32.58
Western Australia,23/02/2020,40.29
Tasmania,1/09/2019,37.27
Tasmania,8/09/2019,37.27
Tasmania,15/09/2019,34.30
Tasmania,22/09/2019,40.65
Tasmania,29/09/2019,32.61
Tasmania,6/10/2019,27.53
Tasmania,13/10/2019,33.03
Tasmania,20/10/2019,29.22
Tasmania,27/10/2019,33.03
Tasmania,3/11/2019,26.68
Tasmania,10/11/2019,22.87
Tasmania,17/11/2019,35.15
Tasmania,24/11/2019,33.03
Tasmania,1/12/2019,27.95
Tasmania,8/12/2019,24.56
Tasmania,15/12/2019,26.68
Tasmania,22/12/2019,19.48
Tasmania,29/12/2019,14.82
Tasmania,5/01/2020,19.06
Tasmania,12/01/2020,29.64
Tasmania,19/01/2020,31.76
Tasmania,26/01/2020,31.34
Tasmania,2/02/2020,26.26
Tasmania,9/02/2020,26.68
Tasmania,16/02/2020,36.84
Tasmania,23/02/2020,25.83
Tasmania,1/09/2019,33.50
Tasmania,8/09/2019,43.07
Tasmania,15/09/2019,41.71
Tasmania,22/09/2019,36.92
Tasmania,29/09/2019,42.39
Tasmania,6/10/2019,29.40
Tasmania,13/10/2019,45.13
Tasmania,20/10/2019,34.19
Tasmania,27/10/2019,41.02
Tasmania,3/11/2019,40.34
Tasmania,10/11/2019,43.76
Tasmania,17/11/2019,40.34
Tasmania,24/11/2019,43.76
Tasmania,1/12/2019,43.07
Tasmania,8/12/2019,36.24
Tasmania,15/12/2019,45.13
Tasmania,22/12/2019,24.61
Tasmania,29/12/2019,32.13
Tasmania,5/01/2020,36.24
Tasmania,12/01/2020,23.25
Tasmania,19/01/2020,28.72
Tasmania,26/01/2020,23.93
Tasmania,2/02/2020,30.77
Tasmania,9/02/2020,32.82
Tasmania,16/02/2020,32.13
Tasmania,23/02/2020,20.51
Tasmania,1/09/2019,35.63
Tasmania,8/09/2019,27.99
Tasmania,15/09/2019,0.10
Tasmania,22/09/2019,27.99
Tasmania,29/09/2019,43.26
Tasmania,6/10/2019,35.63
Tasmania,13/10/2019,30.54
Tasmania,20/10/2019,27.99
Tasmania,27/10/2019,30.54
Tasmania,3/11/2019,0.10
Tasmania,10/11/2019,0.10
Tasmania,17/11/2019,30.54
Tasmania,24/11/2019,27.99
Tasmania,1/12/2019,40.71
Tasmania,8/12/2019,30.54
Tasmania,15/12/2019,27.99
Tasmania,22/12/2019,0.10
Tasmania,29/12/2019,35.63
Tasmania,5/01/2020,0.10
Tasmania,12/01/2020,40.71
Tasmania,19/01/2020,35.63
Tasmania,26/01/2020,0.10
Tasmania,2/02/2020,40.71
Tasmania,9/02/2020,38.17
Tasmania,16/02/2020,25.45
Tasmania,23/02/2020,33.08
Tasmania,1/09/2019,56.76
Tasmania,8/09/2019,57.64
Tasmania,15/09/2019,45.23
Tasmania,22/09/2019,52.32
Tasmania,29/09/2019,54.09
Tasmania,6/10/2019,50.55
Tasmania,13/10/2019,52.32
Tasmania,20/10/2019,41.68
Tasmania,27/10/2019,43.45
Tasmania,3/11/2019,47.89
Tasmania,10/11/2019,54.09
Tasmania,17/11/2019,44.34
Tasmania,24/11/2019,50.55
Tasmania,1/12/2019,47.89
Tasmania,8/12/2019,37.25
Tasmania,15/12/2019,37.25
Tasmania,22/12/2019,35.47
Tasmania,29/12/2019,27.49
Tasmania,5/01/2020,29.26
Tasmania,12/01/2020,32.81
Tasmania,19/01/2020,36.36
Tasmania,26/01/2020,33.70
Tasmania,2/02/2020,28.38
Tasmania,9/02/2020,28.38
Tasmania,16/02/2020,33.70
Tasmania,23/02/2020,39.91
Northern Territory,1/09/2019,51.61
Northern Territory,8/09/2019,50.25
Northern Territory,15/09/2019,53.65
Northern Territory,22/09/2019,46.18
Northern Territory,29/09/2019,53.65
Northern Territory,6/10/2019,46.18
Northern Territory,13/10/2019,40.07
Northern Territory,20/10/2019,31.92
Northern Territory,27/10/2019,28.52
Northern Territory,3/11/2019,40.75
Northern Territory,10/11/2019,52.97
Northern Territory,17/11/2019,49.57
Northern Territory,24/11/2019,44.14
Northern Territory,1/12/2019,44.82
Northern Territory,8/12/2019,37.35
Northern Territory,15/12/2019,51.61
Northern Territory,22/12/2019,42.78
Northern Territory,29/12/2019,45.50
Northern Territory,5/01/2020,50.25
Northern Territory,12/01/2020,31.92
Northern Territory,19/01/2020,42.10
Northern Territory,26/01/2020,54.33
Northern Territory,2/02/2020,34.63
Northern Territory,9/02/2020,50.93
Northern Territory,16/02/2020,53.65
Northern Territory,23/02/2020,39.39
Northern Territory,1/09/2019,123.64
Northern Territory,8/09/2019,98.30
Northern Territory,15/09/2019,111.48
Northern Territory,22/09/2019,107.42
Northern Territory,29/09/2019,97.29
Northern Territory,6/10/2019,81.08
Northern Territory,13/10/2019,77.02
Northern Territory,20/10/2019,87.16
Northern Territory,27/10/2019,80.06
Northern Territory,3/11/2019,84.12
Northern Territory,10/11/2019,76.01
Northern Territory,17/11/2019,65.87
Northern Territory,24/11/2019,99.32
Northern Territory,1/12/2019,121.61
Northern Territory,8/12/2019,119.59
Northern Territory,15/12/2019,116.55
Northern Territory,22/12/2019,105.40
Northern Territory,29/12/2019,86.14
Northern Territory,5/01/2020,82.09
Northern Territory,12/01/2020,73.98
Northern Territory,19/01/2020,80.06
Northern Territory,26/01/2020,92.22
Northern Territory,2/02/2020,90.20
Northern Territory,9/02/2020,89.18
Northern Territory,16/02/2020,63.85
Northern Territory,23/02/2020,70.94
Australian Capital Territory,1/09/2019,39.14
Australian Capital Territory,8/09/2019,33.98
Australian Capital Territory,15/09/2019,32.58
Australian Capital Territory,22/09/2019,36.09
Australian Capital Territory,29/09/2019,35.62
Australian Capital Territory,6/10/2019,33.75
Australian Capital Territory,13/10/2019,29.06
Australian Capital Territory,20/10/2019,34.22
Australian Capital Territory,27/10/2019,26.72
Australian Capital Territory,3/11/2019,30.93
Australian Capital Territory,10/11/2019,24.37
Australian Capital Territory,17/11/2019,31.87
Australian Capital Territory,24/11/2019,34.22
Australian Capital Territory,1/12/2019,27.89
Australian Capital Territory,8/12/2019,30.70
Australian Capital Territory,15/12/2019,29.76
Australian Capital Territory,22/12/2019,23.20
Australian Capital Territory,29/12/2019,21.79
Australian Capital Territory,5/01/2020,32.11
Australian Capital Territory,12/01/2020,26.72
Australian Capital Territory,19/01/2020,27.65
Australian Capital Territory,26/01/2020,27.19
Australian Capital Territory,2/02/2020,22.26
Australian Capital Territory,9/02/2020,24.84
Australian Capital Territory,16/02/2020,27.19
Australian Capital Territory,23/02/2020,24.61
